,Names,Y_preds
22,0.0,0.9997280240058899
1,1.0,0.9996117949485779
1,2.0,0.9991084933280945
0,3.0,0.9997065663337708
28,4.0,0.9985193610191345
3,5.0,0.9994615912437439
12,6.0,0.9972756505012512
10,7.0,0.9993290901184082
15,8.0,0.9973456263542175
34,9.0,0.9993360638618469
6,10.0,0.9997599720954895
7,11.0,0.999500036239624
11,12.0,0.9996242523193359
31,13.0,0.9889707565307617
3,14.0,0.9995661377906799
12,15.0,0.9996405839920044
22,16.0,0.9997126460075378
13,17.0,0.9914073348045349
20,18.0,0.9977758526802063
27,19.0,0.009123955853283405
17,20.0,0.9986097812652588
16,21.0,0.0008495174697600305
30,22.0,0.9993108510971069
18,23.0,0.006835925858467817
7,24.0,0.9997294545173645
32,25.0,0.9972647428512573
29,26.0,0.009656179696321487
7,27.0,0.996402382850647
21,28.0,0.9984779953956604
5,29.0,0.9997443556785583
20,30.0,0.002673472510650754
6,31.0,0.9994513392448425
7,32.0,0.9985048770904541
7,33.0,0.9992746710777283
12,34.0,0.9996936321258545
0,35.0,0.9991028308868408
8,36.0,0.0046882061287760735
30,37.0,0.9970080256462097
23,38.0,0.9993664622306824
21,39.0,0.9998084902763367
2,40.0,0.9988089799880981
30,41.0,0.002913608681410551
16,42.0,0.9964428544044495
16,43.0,0.0023339821491390467
9,44.0,0.0032527849543839693
22,45.0,0.009707440622150898
31,46.0,0.9997196793556213
4,47.0,0.9994006156921387
15,48.0,0.0057686991058290005
17,49.0,0.9992758631706238
4,50.0,0.9998980760574341
14,51.0,0.9970965385437012
18,52.0,0.0013153207255527377
3,53.0,0.0020031435415148735
23,54.0,0.0723089948296547
3,55.0,0.9712197780609131
22,56.0,0.9992916584014893
13,57.0,0.004129565320909023
29,58.0,0.0063173421658575535
11,59.0,0.009325744584202766
27,60.0,0.9995447993278503
23,61.0,0.9995760321617126
27,62.0,0.9973422884941101
2,63.0,0.999091386795044
12,64.0,0.9983385801315308
1,65.0,0.9987302422523499
6,66.0,0.9984765648841858
17,67.0,0.9998432397842407
9,68.0,0.9962379932403564
30,69.0,0.9994366765022278
1,70.0,0.006989337503910065
30,71.0,0.9971319437026978
13,72.0,0.9957634210586548
29,73.0,0.0024451378267258406
12,74.0,0.999614953994751
28,75.0,0.999576985836029
27,76.0,0.9996936321258545
3,77.0,0.0049111791886389256
32,78.0,0.4010452330112457
5,79.0,0.9995114803314209
12,80.0,0.9752935171127319
15,81.0,0.9995125532150269
24,82.0,0.0009071666863746941
26,83.0,0.999583899974823
20,84.0,0.9990370273590088
5,85.0,0.9995942711830139
11,86.0,0.9996665716171265
5,87.0,0.997809112071991
29,88.0,0.9960581064224243
15,89.0,0.998424768447876
1,90.0,0.9996076226234436
32,91.0,0.9995912909507751
11,92.0,0.9928334951400757
26,93.0,0.998877227306366
25,94.0,0.9957578778266907
7,95.0,0.9960314631462097
26,96.0,0.9996101260185242
12,97.0,0.9997463822364807
21,98.0,0.9969035983085632
8,99.0,0.9918738007545471
27,100.0,0.9980753660202026
22,101.0,0.9995779395103455
30,102.0,0.9992603659629822
31,103.0,0.9998040795326233
28,104.0,0.008994090370833874
18,105.0,0.9995315074920654
6,106.0,0.9951079487800598
11,107.0,0.9994288086891174
20,108.0,0.9948189854621887
25,109.0,0.9994673132896423
21,110.0,0.004167245700955391
27,111.0,0.9953239560127258
12,112.0,0.9998641014099121
17,113.0,0.003335205838084221
27,114.0,0.9996622800827026
22,115.0,0.0011114685330539942
6,116.0,0.996301531791687
4,117.0,0.9995587468147278
29,118.0,0.9995644688606262
25,119.0,0.9976205229759216
30,120.0,0.9986832737922668
23,121.0,0.9941157102584839
4,122.0,0.9976561069488525
0,123.0,0.9954025745391846
16,124.0,0.9997357726097107
2,125.0,0.9994346499443054
17,126.0,0.002480591181665659
3,127.0,0.9989970326423645
21,128.0,0.9942027926445007
15,129.0,0.9929463267326355
24,130.0,0.0067642927169799805
26,131.0,0.00900623295456171
16,132.0,0.9995110034942627
18,133.0,0.002162632532417774
16,134.0,0.9993382096290588
22,135.0,0.004026621580123901
5,136.0,0.9993019104003906
13,137.0,0.9267409443855286
28,138.0,0.9995260238647461
20,139.0,0.02492457628250122
19,140.0,0.9995005130767822
31,141.0,0.9976857900619507
31,142.0,0.9996229410171509
24,143.0,0.997220516204834
6,144.0,0.9995740056037903
11,145.0,0.009727561846375465
21,146.0,0.9992936849594116
21,147.0,0.999677300453186
32,148.0,0.0021350535098463297
0,149.0,0.0030973050743341446
14,150.0,0.999447762966156
31,151.0,0.004615520592778921
13,152.0,0.99945467710495
28,153.0,0.9960805773735046
6,154.0,0.997235119342804
24,155.0,0.09194611012935638
6,156.0,0.9996079802513123
30,157.0,0.9978920817375183
14,158.0,0.9995493292808533
25,159.0,0.0019916773308068514
29,160.0,0.0073876092210412025
10,161.0,0.5410953760147095
22,162.0,0.997893750667572
26,163.0,0.003714154241606593
5,164.0,0.9996981620788574
5,165.0,0.9992793202400208
18,166.0,0.9989069700241089
9,167.0,0.9939752221107483
20,168.0,0.9967719912528992
9,169.0,0.9993300437927246
31,170.0,0.00782973412424326
9,171.0,0.9996634721755981
24,172.0,0.9996291399002075
30,173.0,0.9991052746772766
1,174.0,0.9951807260513306
16,175.0,0.004627240356057882
10,176.0,0.9552532434463501
19,177.0,0.9992955923080444
0,178.0,0.004804724361747503
25,179.0,0.9996944665908813
0,180.0,0.9986761212348938
16,181.0,0.06943874061107635
11,182.0,0.9989914298057556
26,183.0,0.9972195625305176
8,184.0,0.9994969367980957
24,185.0,0.22658000886440277
15,186.0,0.9984857439994812
16,187.0,0.9969275593757629
1,188.0,0.9973686933517456
17,189.0,0.0017355176387354732
20,190.0,0.9996225833892822
27,191.0,0.9971542358398438
24,192.0,0.11078506708145142
10,193.0,0.9996585845947266
8,194.0,0.0057664429768919945
26,195.0,0.9996284246444702
23,196.0,0.9982830286026001
11,197.0,0.9963602423667908
14,198.0,0.0034572803415358067
32,199.0,0.999765932559967
2,200.0,0.9997338652610779
17,201.0,0.9995399713516235
35,202.0,0.9993833303451538
10,203.0,0.9987308382987976
0,204.0,0.9996852874755859
5,205.0,0.9964836835861206
0,206.0,0.010164019651710987
28,207.0,0.3338906466960907
19,208.0,0.0011683611664921045
36,209.0,0.9989217519760132
28,210.0,0.9973288774490356
15,211.0,0.9995518326759338
23,212.0,0.9990748167037964
33,213.0,0.9994621872901917
18,214.0,0.9994811415672302
26,215.0,0.9987395405769348
4,216.0,0.9988434314727783
7,217.0,0.9993316531181335
3,218.0,0.9941028952598572
8,219.0,0.008063485845923424
21,220.0,0.9997062087059021
18,221.0,0.9979902505874634
28,222.0,0.9992300271987915
26,223.0,0.9970808625221252
2,224.0,0.007100679446011782
31,225.0,0.9994797110557556
2,226.0,0.9995679259300232
24,227.0,0.9991570711135864
22,228.0,0.9942842125892639
13,229.0,0.999757707118988
19,230.0,0.9936422109603882
7,231.0,0.9977437257766724
4,232.0,0.9997498393058777
20,233.0,0.002115463837981224
16,234.0,0.010905495844781399
9,235.0,0.9953626394271851
17,236.0,0.9965004920959473
7,237.0,0.9998098015785217
5,238.0,0.9931529760360718
15,239.0,0.9957333207130432
29,240.0,0.9990445971488953
19,241.0,0.9995825886726379
18,242.0,0.9970011115074158
9,243.0,0.9986898303031921
12,244.0,0.005854468792676926
25,245.0,0.9986988306045532
14,246.0,0.8961201906204224
5,247.0,0.9984915256500244
13,248.0,0.9985747337341309
29,249.0,0.10188025236129761
32,250.0,0.9970171451568604
32,251.0,0.99769526720047
13,252.0,0.08537732064723969
28,253.0,0.9986885190010071
14,254.0,0.9970371723175049
23,255.0,0.9985912442207336
3,256.0,0.9981529116630554
2,257.0,0.9978455305099487
9,258.0,0.9960343241691589
2,259.0,0.9960498213768005
32,260.0,0.9984229803085327
27,261.0,0.9965027570724487
2,262.0,0.99968421459198
25,263.0,0.9997785687446594
17,264.0,0.9910517334938049
20,265.0,0.99967360496521
0,266.0,0.99953293800354
10,267.0,0.004330591298639774
25,268.0,0.9996849298477173
29,269.0,0.9969815611839294
21,270.0,0.9997280240058899
20,271.0,0.9991162419319153
10,272.0,0.9996641874313354
24,273.0,0.008226501755416393
28,274.0,0.23219725489616394
13,275.0,0.0019002615008503199
31,276.0,0.9973579049110413
2,277.0,0.06035169959068298
29,278.0,0.009593700058758259
19,279.0,0.9997575879096985
19,280.0,0.9923231601715088
24,281.0,0.998938262462616
19,282.0,0.9986673593521118
4,283.0,0.9997841715812683
4,284.0,0.9998379945755005
9,285.0,0.999681830406189
6,286.0,0.0025748340412974358
10,287.0,0.9997714161872864
22,288.0,0.9956383109092712
32,289.0,0.00295063154771924
8,290.0,0.9992557168006897
23,291.0,0.9997064471244812
19,292.0,0.9973402619361877
4,293.0,0.01081380620598793
25,294.0,0.9993953704833984
10,295.0,0.9972822666168213
8,296.0,0.009065856225788593
7,297.0,0.9969559907913208
0,298.0,0.9965888261795044
17,299.0,0.9984983205795288
32,300.0,0.9991729855537415
15,301.0,0.9997314810752869
13,302.0,0.9099945425987244
6,303.0,0.002228690776973963
11,304.0,0.9995062351226807
8,305.0,0.9997801184654236
11,306.0,0.9974804520606995
26,307.0,0.99853515625
4,308.0,0.9970242381095886
14,309.0,0.9993952512741089
23,310.0,0.9997920393943787
9,311.0,0.9985709190368652
8,312.0,0.022834694012999535
14,313.0,0.9865826964378357
1,314.0,0.9994896650314331
12,315.0,0.0038818761240690947
14,316.0,0.9998045563697815
14,317.0,0.998163640499115
27,318.0,0.9983312487602234
23,319.0,0.996594250202179
15,320.0,0.007348550017923117
18,321.0,0.9915004968643188
3,322.0,0.9993956089019775
8,323.0,0.9986377358436584
1,324.0,0.9977602958679199
19,325.0,0.9973672032356262
10,326.0,0.9815202355384827
31,327.0,0.9987142086029053
18,328.0,0.9979363679885864
30,329.0,0.9924178123474121
1,330.0,0.9998196959495544
3,331.0,0.997612714767456
25,332.0,0.9993491768836975
21,333.0,0.9980252981185913
